{"cameraMode":{"drawMode":0,"name":"Shaded","section":"Shading Mode"},"sceneLighting":false,"audioPlay":false,"sceneViewState":{"m_AlwaysRefresh":false,"showFog":true,"showSkybox":false,"showFlares":true,"showImageEffects":true,"showParticleSystems":true,"showVisualEffectGraphs":true,"m_FxEnabled":true},"in2DMode":false,"pivot":{"x":-0.27736857533454897,"y":0.28811344504356387,"z":0.5338276028633118},"rotation":{"x":0.01199488714337349,"y":0.7348421812057495,"z":0.013002656400203705,"w":-0.6780145764350891},"size":0.7493695616722107,"orthographic":false}