{"cameraMode":{"drawMode":0,"name":"Shaded","section":"Shading Mode"},"sceneLighting":false,"audioPlay":false,"sceneViewState":{"m_AlwaysRefresh":false,"showFog":true,"showSkybox":false,"showFlares":true,"showImageEffects":true,"showParticleSystems":true,"showVisualEffectGraphs":true,"m_FxEnabled":true},"in2DMode":false,"pivot":{"x":-0.12407064437866211,"y":0.516590416431427,"z":1.2706050872802735},"rotation":{"x":-0.0018198766047134996,"y":-0.8348779082298279,"z":0.002763507654890418,"w":-0.5504470467567444},"size":0.6069351434707642,"orthographic":false}