{"cameraMode":{"drawMode":0,"name":"Shaded","section":"Shading Mode"},"sceneLighting":false,"audioPlay":false,"sceneViewState":{"m_AlwaysRefresh":false,"showFog":true,"showSkybox":false,"showFlares":true,"showImageEffects":true,"showParticleSystems":true,"showVisualEffectGraphs":true,"m_FxEnabled":true},"in2DMode":false,"pivot":{"x":-0.042314887046813968,"y":0.4696139097213745,"z":0.03930763900279999},"rotation":{"x":-0.005820912774652243,"y":0.666557252407074,"z":-0.005205322057008743,"w":-0.745427668094635},"size":0.6919519901275635,"orthographic":false}