{"cameraMode":{"drawMode":0,"name":"Shaded","section":"Shading Mode"},"sceneLighting":false,"audioPlay":false,"sceneViewState":{"m_AlwaysRefresh":false,"showFog":true,"showSkybox":false,"showFlares":true,"showImageEffects":true,"showParticleSystems":true,"showVisualEffectGraphs":true,"m_FxEnabled":true},"in2DMode":false,"pivot":{"x":1.1362135410308838e-7,"y":-0.1333479881286621,"z":0.33798468112945559},"rotation":{"x":-0.023770958185195924,"y":0.6640015840530396,"z":-0.02112874574959278,"w":-0.7470681071281433},"size":0.5887836217880249,"orthographic":false}