{"cameraMode":{"drawMode":0,"name":"Shaded","section":"Shading Mode"},"sceneLighting":false,"audioPlay":false,"sceneViewState":{"m_AlwaysRefresh":false,"showFog":true,"showSkybox":false,"showFlares":true,"showImageEffects":true,"showParticleSystems":true,"showVisualEffectGraphs":true,"m_FxEnabled":true},"in2DMode":false,"pivot":{"x":0.000003933906555175781,"y":-4.76837158203125e-7,"z":0.5769462585449219},"rotation":{"x":-0.023770958185195924,"y":0.6640015840530396,"z":-0.02112874574959278,"w":-0.7470681071281433},"size":0.8892473578453064,"orthographic":false}