{"cameraMode":{"drawMode":0,"name":"Shaded","section":"Shading Mode"},"sceneLighting":false,"audioPlay":false,"sceneViewState":{"m_AlwaysRefresh":false,"showFog":true,"showSkybox":false,"showFlares":true,"showImageEffects":true,"showParticleSystems":true,"showVisualEffectGraphs":true,"m_FxEnabled":true},"in2DMode":false,"pivot":{"x":0.024984270334243776,"y":0.18764421343803407,"z":0.0100802481174469},"rotation":{"x":-0.16434796154499055,"y":-0.7503374814987183,"z":0.20307274162769319,"w":-0.6072580218315125},"size":0.34591662883758547,"orthographic":false}